MDC,MDC_CAT_NAME,COMMERCIAL PAYERS,MEDICAID,MEDICARE
1,BRAIN AND CNS,38,14,57
2,EYE,0,0,0
3,"EAR, NOSE & THROAT",3,2,4
4,RESPIRATORY,24,22,78
5,HEART & CIRCULATORY,54,15,136
6,DIGESTIVE,32,14,63
7,LIVER & PANCREAS,12,11,18
8,MUSCULOSKELETAL,88,30,146
9,SKIN AND BREAST,6,4,11
10,ENDOCRINE,9,6,13
11,KIDNEY & URINARY,8,4,28
12,MALE REPRODUCTIVE,2,0,3
13,FEMALE REPRODUCTIVE,4,2,2
14,"PREGNANCY, CHILDBIRTH AND THE PUERPERIUM",34,26,1
15,NEONATAL,28,31,0
16,SPLEEN & BLOOD,5,3,7
17,LYMPHATIC,6,3,8
18,INFECTION,18,14,61
19,MENTAL ILLNESS,10,15,25
20,SUBSTANCE ABUSE,1,4,3
21,"INJURY, TOXIC EFFECTS",4,4,9
22,BURNS,0,1,1
23,ALL OTHER,6,3,15
24,TRAUMA,8,3,4
25,HIV,0,0,0
