﻿ICD-10 Codes,Dx_Code_Desc
M0500,"Felty's syndrome, unspecified site"
M05011,"Felty's syndrome, right shoulder"
M05012,"Felty's syndrome, left shoulder"
M05019,"Felty's syndrome, unspecified shoulder"
M05021,"Felty's syndrome, right elbow"
M05022,"Felty's syndrome, left elbow"
M05029,"Felty's syndrome, unspecified elbow"
M05031,"Felty's syndrome, right wrist"
M05032,"Felty's syndrome, left wrist"
M05039,"Felty's syndrome, unspecified wrist"
M05041,"Felty's syndrome, right hand"
M05042,"Felty's syndrome, left hand"
M05049,"Felty's syndrome, unspecified hand"
M05051,"Felty's syndrome, right hip"
M05052,"Felty's syndrome, left hip"
M05059,"Felty's syndrome, unspecified hip"
M05061,"Felty's syndrome, right knee"
M05062,"Felty's syndrome, left knee"
M05069,"Felty's syndrome, unspecified knee"
M05071,"Felty's syndrome, right ankle and foot"
M05072,"Felty's syndrome, left ankle and foot"
M05079,"Felty's syndrome, unspecified ankle and foot"
M0509,"Felty's syndrome, multiple sites"
M0510,Rheumatoid lung disease w rheumatoid arthritis of unsp site
M05111,Rheumatoid lung disease w rheumatoid arthritis of r shoulder
M05112,Rheumatoid lung disease w rheumatoid arthritis of l shoulder
M05119,Rheu lung disease w rheumatoid arthritis of unsp shoulder
M05121,Rheumatoid lung disease w rheumatoid arthritis of r elbow
M05122,Rheumatoid lung disease w rheumatoid arthritis of left elbow
M05129,Rheumatoid lung disease w rheumatoid arthritis of unsp elbow
M05131,Rheumatoid lung disease w rheumatoid arthritis of r wrist
M05132,Rheumatoid lung disease w rheumatoid arthritis of left wrist
M05139,Rheumatoid lung disease w rheumatoid arthritis of unsp wrist
M05141,Rheumatoid lung disease w rheumatoid arthritis of right hand
M05142,Rheumatoid lung disease w rheumatoid arthritis of left hand
M05149,Rheumatoid lung disease w rheumatoid arthritis of unsp hand
M05151,Rheumatoid lung disease w rheumatoid arthritis of right hip
M05152,Rheumatoid lung disease w rheumatoid arthritis of left hip
M05159,Rheumatoid lung disease w rheumatoid arthritis of unsp hip
M05161,Rheumatoid lung disease w rheumatoid arthritis of right knee
M05162,Rheumatoid lung disease w rheumatoid arthritis of left knee
M05169,Rheumatoid lung disease w rheumatoid arthritis of unsp knee
M05171,Rheu lung disease w rheumatoid arthritis of right ank/ft
M05172,Rheu lung disease w rheumatoid arthritis of left ank/ft
M05179,Rheu lung disease w rheumatoid arthritis of unsp ank/ft
M0519,Rheumatoid lung disease w rheumatoid arthritis mult site
M0520,Rheumatoid vasculitis with rheumatoid arthritis of unsp site
M05211,Rheumatoid vasculitis w rheumatoid arthritis of r shoulder
M05212,Rheumatoid vasculitis w rheumatoid arthritis of l shoulder
M05219,Rheu vasculitis w rheumatoid arthritis of unsp shoulder
M05221,Rheumatoid vasculitis w rheumatoid arthritis of right elbow
M05222,Rheumatoid vasculitis w rheumatoid arthritis of left elbow
M05229,Rheumatoid vasculitis w rheumatoid arthritis of unsp elbow
M05231,Rheumatoid vasculitis w rheumatoid arthritis of right wrist
M05232,Rheumatoid vasculitis w rheumatoid arthritis of left wrist
M05239,Rheumatoid vasculitis w rheumatoid arthritis of unsp wrist
M05241,Rheumatoid vasculitis w rheumatoid arthritis of right hand
M05242,Rheumatoid vasculitis with rheumatoid arthritis of left hand
M05249,Rheumatoid vasculitis with rheumatoid arthritis of unsp hand
M05251,Rheumatoid vasculitis with rheumatoid arthritis of right hip
M05252,Rheumatoid vasculitis with rheumatoid arthritis of left hip
M05259,Rheumatoid vasculitis with rheumatoid arthritis of unsp hip
M05261,Rheumatoid vasculitis w rheumatoid arthritis of right knee
M05262,Rheumatoid vasculitis with rheumatoid arthritis of left knee
M05269,Rheumatoid vasculitis with rheumatoid arthritis of unsp knee
M05271,Rheumatoid vasculitis w rheumatoid arthritis of right ank/ft
M05272,Rheumatoid vasculitis w rheumatoid arthritis of left ank/ft
M05279,Rheumatoid vasculitis w rheumatoid arthritis of unsp ank/ft
M0529,Rheumatoid vasculitis w rheumatoid arthritis mult site
M0530,Rheumatoid heart disease w rheumatoid arthritis of unsp site
M05311,Rheu heart disease w rheumatoid arthritis of r shoulder
M05312,Rheu heart disease w rheumatoid arthritis of l shoulder
M05319,Rheu heart disease w rheumatoid arthritis of unsp shoulder
M05321,Rheumatoid heart disease w rheumatoid arthritis of r elbow
M05322,Rheumatoid heart disease w rheumatoid arthritis of l elbow
M05329,Rheu heart disease w rheumatoid arthritis of unsp elbow
M05331,Rheumatoid heart disease w rheumatoid arthritis of r wrist
M05332,Rheumatoid heart disease w rheumatoid arthritis of l wrist
M05339,Rheu heart disease w rheumatoid arthritis of unsp wrist
M05341,Rheu heart disease w rheumatoid arthritis of right hand
M05342,Rheumatoid heart disease w rheumatoid arthritis of left hand
M05349,Rheumatoid heart disease w rheumatoid arthritis of unsp hand
M05351,Rheumatoid heart disease w rheumatoid arthritis of right hip
M05352,Rheumatoid heart disease w rheumatoid arthritis of left hip
M05359,Rheumatoid heart disease w rheumatoid arthritis of unsp hip
M05361,Rheu heart disease w rheumatoid arthritis of right knee
M05362,Rheumatoid heart disease w rheumatoid arthritis of left knee
M05369,Rheumatoid heart disease w rheumatoid arthritis of unsp knee
M05371,Rheu heart disease w rheumatoid arthritis of right ank/ft
M05372,Rheu heart disease w rheumatoid arthritis of left ank/ft
M05379,Rheu heart disease w rheumatoid arthritis of unsp ank/ft
M0539,Rheumatoid heart disease w rheumatoid arthritis mult site
M0560,Rheu arthritis of unsp site w involv of organs and systems
M05611,Rheu arthritis of r shoulder w involv of organs and systems
M05612,Rheu arthritis of l shoulder w involv of organs and systems
M05619,Rheu arthrit of unsp shoulder w involv of organs and systems
M05621,Rheu arthritis of r elbow w involv of organs and systems
M05622,Rheu arthritis of l elbow w involv of organs and systems
M05629,Rheu arthritis of unsp elbow w involv of organs and systems
M05631,Rheu arthritis of r wrist w involv of organs and systems
M05632,Rheu arthritis of l wrist w involv of organs and systems
M05639,Rheu arthritis of unsp wrist w involv of organs and systems
M05641,Rheu arthritis of right hand w involv of organs and systems
M05642,Rheu arthritis of left hand w involv of organs and systems
M05649,Rheu arthritis of unsp hand w involv of organs and systems
M05651,Rheu arthritis of right hip w involv of organs and systems
M05652,Rheu arthritis of left hip w involv of organs and systems
M05659,Rheu arthritis of unsp hip w involv of organs and systems
M05661,Rheu arthritis of right knee w involv of organs and systems
M05662,Rheu arthritis of left knee w involv of organs and systems
M05669,Rheu arthritis of unsp knee w involv of organs and systems
M05671,Rheu arthrit of right ank/ft w involv of organs and systems
M05672,Rheu arthritis of left ank/ft w involv of organs and systems
M05679,Rheu arthritis of unsp ank/ft w involv of organs and systems
M0569,Rheu arthritis mult site w involv of organs and systems
M061,Adult-onset Still's disease