﻿ICD-10 Codes,Dx_Code_Desc
M0540,Rheumatoid myopathy with rheumatoid arthritis of unsp site
M05411,Rheumatoid myopathy w rheumatoid arthritis of right shoulder
M05412,Rheumatoid myopathy w rheumatoid arthritis of left shoulder
M05419,Rheumatoid myopathy w rheumatoid arthritis of unsp shoulder
M05421,Rheumatoid myopathy with rheumatoid arthritis of right elbow
M05422,Rheumatoid myopathy with rheumatoid arthritis of left elbow
M05429,Rheumatoid myopathy with rheumatoid arthritis of unsp elbow
M05431,Rheumatoid myopathy with rheumatoid arthritis of right wrist
M05432,Rheumatoid myopathy with rheumatoid arthritis of left wrist
M05439,Rheumatoid myopathy with rheumatoid arthritis of unsp wrist
M05441,Rheumatoid myopathy with rheumatoid arthritis of right hand
M05442,Rheumatoid myopathy with rheumatoid arthritis of left hand
M05449,Rheumatoid myopathy with rheumatoid arthritis of unsp hand
M05451,Rheumatoid myopathy with rheumatoid arthritis of right hip
M05452,Rheumatoid myopathy with rheumatoid arthritis of left hip
M05459,Rheumatoid myopathy with rheumatoid arthritis of unsp hip
M05461,Rheumatoid myopathy with rheumatoid arthritis of right knee
M05462,Rheumatoid myopathy with rheumatoid arthritis of left knee
M05469,Rheumatoid myopathy with rheumatoid arthritis of unsp knee
M05471,Rheumatoid myopathy w rheumatoid arthritis of right ank/ft
M05472,Rheumatoid myopathy w rheumatoid arthritis of left ank/ft
M05479,Rheumatoid myopathy w rheumatoid arthritis of unsp ank/ft
M0549,Rheumatoid myopathy w rheumatoid arthritis of multiple sites
M0550,Rheumatoid polyneurop w rheumatoid arthritis of unsp site
M05511,Rheumatoid polyneurop w rheumatoid arthritis of r shoulder
M05512,Rheumatoid polyneurop w rheumatoid arthritis of l shoulder
M05519,Rheu polyneurop w rheumatoid arthritis of unsp shoulder
M05521,Rheumatoid polyneurop w rheumatoid arthritis of right elbow
M05522,Rheumatoid polyneurop w rheumatoid arthritis of left elbow
M05529,Rheumatoid polyneurop w rheumatoid arthritis of unsp elbow
M05531,Rheumatoid polyneurop w rheumatoid arthritis of right wrist
M05532,Rheumatoid polyneurop w rheumatoid arthritis of left wrist
M05539,Rheumatoid polyneurop w rheumatoid arthritis of unsp wrist
M05541,Rheumatoid polyneurop w rheumatoid arthritis of right hand
M05542,Rheumatoid polyneurop w rheumatoid arthritis of left hand
M05549,Rheumatoid polyneurop w rheumatoid arthritis of unsp hand
M05551,Rheumatoid polyneurop w rheumatoid arthritis of right hip
M05552,Rheumatoid polyneuropathy w rheumatoid arthritis of left hip
M05559,Rheumatoid polyneuropathy w rheumatoid arthritis of unsp hip
M05561,Rheumatoid polyneurop w rheumatoid arthritis of right knee
M05562,Rheumatoid polyneurop w rheumatoid arthritis of left knee
M05569,Rheumatoid polyneurop w rheumatoid arthritis of unsp knee
M05571,Rheumatoid polyneurop w rheumatoid arthritis of right ank/ft
M05572,Rheumatoid polyneurop w rheumatoid arthritis of left ank/ft
M05579,Rheumatoid polyneurop w rheumatoid arthritis of unsp ank/ft
M0559,Rheumatoid polyneuropathy w rheumatoid arthritis mult site
M0570,Rheu arthritis w rheu factor of unsp site w/o org/sys involv
M05711,Rheu arthrit w rheu factor of r shoulder w/o org/sys involv
M05712,Rheu arthrit w rheu factor of l shoulder w/o org/sys involv
M05719,Rheu arthrit w rheu factor of unsp shldr w/o org/sys involv
M05721,Rheu arthritis w rheu factor of r elbow w/o org/sys involv
M05722,Rheu arthritis w rheu factor of l elbow w/o org/sys involv
M05729,Rheu arthrit w rheu factor of unsp elbow w/o org/sys involv
M05731,Rheu arthritis w rheu factor of r wrist w/o org/sys involv
M05732,Rheu arthritis w rheu factor of l wrist w/o org/sys involv
M05739,Rheu arthrit w rheu factor of unsp wrist w/o org/sys involv
M05741,Rheu arthritis w rheu factor of r hand w/o org/sys involv
M05742,Rheu arthritis w rheu factor of left hand w/o org/sys involv
M05749,Rheu arthritis w rheu factor of unsp hand w/o org/sys involv
M05751,Rheu arthritis w rheu factor of right hip w/o org/sys involv
M05752,Rheu arthritis w rheu factor of left hip w/o org/sys involv
M05759,Rheu arthritis w rheu factor of unsp hip w/o org/sys involv
M05761,Rheu arthritis w rheu factor of r knee w/o org/sys involv
M05762,Rheu arthritis w rheu factor of left knee w/o org/sys involv
M05769,Rheu arthritis w rheu factor of unsp knee w/o org/sys involv
M05771,Rheu arthrit w rheu fctr of right ank/ft w/o org/sys involv
M05772,Rheu arthrit w rheu factor of left ank/ft w/o org/sys involv
M05779,Rheu arthrit w rheu factor of unsp ank/ft w/o org/sys involv
M0579,Rheu arthritis w rheu factor mult site w/o org/sys involv
M0580,Oth rheumatoid arthritis with rheumatoid factor of unsp site
M05811,Oth rheumatoid arthritis w rheumatoid factor of r shoulder
M05812,Oth rheumatoid arthritis w rheumatoid factor of l shoulder
M05819,Oth rheu arthritis w rheumatoid factor of unsp shoulder
M05821,Oth rheumatoid arthritis w rheumatoid factor of right elbow
M05822,Oth rheumatoid arthritis w rheumatoid factor of left elbow
M05829,Oth rheumatoid arthritis w rheumatoid factor of unsp elbow
M05831,Oth rheumatoid arthritis w rheumatoid factor of right wrist
M05832,Oth rheumatoid arthritis w rheumatoid factor of left wrist
M05839,Oth rheumatoid arthritis w rheumatoid factor of unsp wrist
M05841,Oth rheumatoid arthritis w rheumatoid factor of right hand
M05842,Oth rheumatoid arthritis with rheumatoid factor of left hand
M05849,Oth rheumatoid arthritis with rheumatoid factor of unsp hand
M05851,Oth rheumatoid arthritis with rheumatoid factor of right hip
M05852,Oth rheumatoid arthritis with rheumatoid factor of left hip
M05859,Oth rheumatoid arthritis with rheumatoid factor of unsp hip
M05861,Oth rheumatoid arthritis w rheumatoid factor of right knee
M05862,Oth rheumatoid arthritis with rheumatoid factor of left knee
M05869,Oth rheumatoid arthritis with rheumatoid factor of unsp knee
M05871,Oth rheumatoid arthritis w rheumatoid factor of right ank/ft
M05872,Oth rheumatoid arthritis w rheumatoid factor of left ank/ft
M05879,Oth rheumatoid arthritis w rheumatoid factor of unsp ank/ft
M0589,Oth rheumatoid arthritis w rheumatoid factor mult site
M059,"Rheumatoid arthritis with rheumatoid factor, unspecified"
M0600,"Rheumatoid arthritis without rheumatoid factor, unsp site"
M06011,"Rheumatoid arthritis w/o rheumatoid factor, right shoulder"
M06012,"Rheumatoid arthritis w/o rheumatoid factor, left shoulder"
M06019,"Rheumatoid arthritis w/o rheumatoid factor, unsp shoulder"
M06021,"Rheumatoid arthritis without rheumatoid factor, right elbow"
M06022,"Rheumatoid arthritis without rheumatoid factor, left elbow"
M06029,"Rheumatoid arthritis without rheumatoid factor, unsp elbow"
M06031,"Rheumatoid arthritis without rheumatoid factor, right wrist"
M06032,"Rheumatoid arthritis without rheumatoid factor, left wrist"
M06039,"Rheumatoid arthritis without rheumatoid factor, unsp wrist"
M06041,"Rheumatoid arthritis without rheumatoid factor, right hand"
M06042,"Rheumatoid arthritis without rheumatoid factor, left hand"
M06049,"Rheumatoid arthritis without rheumatoid factor, unsp hand"
M06051,"Rheumatoid arthritis without rheumatoid factor, right hip"
M06052,"Rheumatoid arthritis without rheumatoid factor, left hip"
M06059,"Rheumatoid arthritis without rheumatoid factor, unsp hip"
M06061,"Rheumatoid arthritis without rheumatoid factor, right knee"
M06062,"Rheumatoid arthritis without rheumatoid factor, left knee"
M06069,"Rheumatoid arthritis without rheumatoid factor, unsp knee"
M06071,"Rheumatoid arthritis w/o rheumatoid factor, right ank/ft"
M06072,"Rheumatoid arthritis w/o rheumatoid factor, left ank/ft"
M06079,"Rheumatoid arthritis w/o rheumatoid factor, unsp ank/ft"
M0608,"Rheumatoid arthritis without rheumatoid factor, vertebrae"
M0609,"Rheumatoid arthritis w/o rheumatoid factor, multiple sites"
M0620,"Rheumatoid bursitis, unspecified site"
M06211,"Rheumatoid bursitis, right shoulder"
M06212,"Rheumatoid bursitis, left shoulder"
M06219,"Rheumatoid bursitis, unspecified shoulder"
M06221,"Rheumatoid bursitis, right elbow"
M06222,"Rheumatoid bursitis, left elbow"
M06229,"Rheumatoid bursitis, unspecified elbow"
M06231,"Rheumatoid bursitis, right wrist"
M06232,"Rheumatoid bursitis, left wrist"
M06239,"Rheumatoid bursitis, unspecified wrist"
M06241,"Rheumatoid bursitis, right hand"
M06242,"Rheumatoid bursitis, left hand"
M06249,"Rheumatoid bursitis, unspecified hand"
M06251,"Rheumatoid bursitis, right hip"
M06252,"Rheumatoid bursitis, left hip"
M06259,"Rheumatoid bursitis, unspecified hip"
M06261,"Rheumatoid bursitis, right knee"
M06262,"Rheumatoid bursitis, left knee"
M06269,"Rheumatoid bursitis, unspecified knee"
M06271,"Rheumatoid bursitis, right ankle and foot"
M06272,"Rheumatoid bursitis, left ankle and foot"
M06279,"Rheumatoid bursitis, unspecified ankle and foot"
M0628,"Rheumatoid bursitis, vertebrae"
M0629,"Rheumatoid bursitis, multiple sites"
M0630,"Rheumatoid nodule, unspecified site"
M06311,"Rheumatoid nodule, right shoulder"
M06312,"Rheumatoid nodule, left shoulder"
M06319,"Rheumatoid nodule, unspecified shoulder"
M06321,"Rheumatoid nodule, right elbow"
M06322,"Rheumatoid nodule, left elbow"
M06329,"Rheumatoid nodule, unspecified elbow"
M06331,"Rheumatoid nodule, right wrist"
M06332,"Rheumatoid nodule, left wrist"
M06339,"Rheumatoid nodule, unspecified wrist"
M06341,"Rheumatoid nodule, right hand"
M06342,"Rheumatoid nodule, left hand"
M06349,"Rheumatoid nodule, unspecified hand"
M06351,"Rheumatoid nodule, right hip"
M06352,"Rheumatoid nodule, left hip"
M06359,"Rheumatoid nodule, unspecified hip"
M06361,"Rheumatoid nodule, right knee"
M06362,"Rheumatoid nodule, left knee"
M06369,"Rheumatoid nodule, unspecified knee"
M06371,"Rheumatoid nodule, right ankle and foot"
M06372,"Rheumatoid nodule, left ankle and foot"
M06379,"Rheumatoid nodule, unspecified ankle and foot"
M0638,"Rheumatoid nodule, vertebrae"
M0639,"Rheumatoid nodule, multiple sites"
M0680,"Other specified rheumatoid arthritis, unspecified site"
M06811,"Other specified rheumatoid arthritis, right shoulder"
M06812,"Other specified rheumatoid arthritis, left shoulder"
M06819,"Other specified rheumatoid arthritis, unspecified shoulder"
M06821,"Other specified rheumatoid arthritis, right elbow"
M06822,"Other specified rheumatoid arthritis, left elbow"
M06829,"Other specified rheumatoid arthritis, unspecified elbow"
M06831,"Other specified rheumatoid arthritis, right wrist"
M06832,"Other specified rheumatoid arthritis, left wrist"
M06839,"Other specified rheumatoid arthritis, unspecified wrist"
M06841,"Other specified rheumatoid arthritis, right hand"
M06842,"Other specified rheumatoid arthritis, left hand"
M06849,"Other specified rheumatoid arthritis, unspecified hand"
M06851,"Other specified rheumatoid arthritis, right hip"
M06852,"Other specified rheumatoid arthritis, left hip"
M06859,"Other specified rheumatoid arthritis, unspecified hip"
M06861,"Other specified rheumatoid arthritis, right knee"
M06862,"Other specified rheumatoid arthritis, left knee"
M06869,"Other specified rheumatoid arthritis, unspecified knee"
M06871,"Other specified rheumatoid arthritis, right ankle and foot"
M06872,"Other specified rheumatoid arthritis, left ankle and foot"
M06879,"Oth rheumatoid arthritis, unspecified ankle and foot"
M0688,"Other specified rheumatoid arthritis, vertebrae"
M0689,"Other specified rheumatoid arthritis, multiple sites"
M069,"Rheumatoid arthritis, unspecified"
M1200,"Chronic postrheumatic arthropathy, unspecified site"
M12011,"Chronic postrheumatic arthropathy [Jaccoud], right shoulder"
M12012,"Chronic postrheumatic arthropathy [Jaccoud], left shoulder"
M12019,"Chronic postrheumatic arthropathy, unspecified shoulder"
M12021,"Chronic postrheumatic arthropathy [Jaccoud], right elbow"
M12022,"Chronic postrheumatic arthropathy [Jaccoud], left elbow"
M12029,"Chronic postrheumatic arthropathy, unspecified elbow"
M12031,"Chronic postrheumatic arthropathy [Jaccoud], right wrist"
M12032,"Chronic postrheumatic arthropathy [Jaccoud], left wrist"
M12039,"Chronic postrheumatic arthropathy, unspecified wrist"
M12041,"Chronic postrheumatic arthropathy [Jaccoud], right hand"
M12042,"Chronic postrheumatic arthropathy [Jaccoud], left hand"
M12049,"Chronic postrheumatic arthropathy, unspecified hand"
M12051,"Chronic postrheumatic arthropathy [Jaccoud], right hip"
M12052,"Chronic postrheumatic arthropathy [Jaccoud], left hip"
M12059,"Chronic postrheumatic arthropathy [Jaccoud], unspecified hip"
M12061,"Chronic postrheumatic arthropathy [Jaccoud], right knee"
M12062,"Chronic postrheumatic arthropathy [Jaccoud], left knee"
M12069,"Chronic postrheumatic arthropathy, unspecified knee"
M12071,"Chronic postrheumatic arthropathy, right ankle and foot"
M12072,"Chronic postrheumatic arthropathy, left ankle and foot"
M12079,"Chronic postrheumatic arthropathy, unsp ankle and foot"
M1208,"Chronic postrheumatic arthropathy, other specified site"
M1209,"Chronic postrheumatic arthropathy [Jaccoud], multiple sites"